stat,value
r_main,-0.7645592357522297
partial_r,-0.8475970452999128
ols_slope,-0.0010667325887759843
verdict,PASS — Study A center earned
