family,task,target_col,n,max_trace_score_rank1,best_interpreting_feature,corr_iso_embedded,corr_block_var,corr_block_entropy
horizon_fine_net,fine_net_k1,fine_net_k1,16000,0.3755208291502545,iso_embedded,-0.9970403731654711,0.1406720684870326,0.12647192479653874
horizon_fine_net,fine_net_k5,fine_net_k5,16000,0.289716581262688,iso_embedded,-0.9988782836469134,0.10714448259409573,0.08434489793548072
horizon_fine_net,fine_net_k10,fine_net_k10,16000,0.2689286656039097,iso_embedded,-0.9981990129353288,0.12392983682820927,0.1128931903946345
horizon_fine_net,fine_net_k25,fine_net_k25,16000,0.24281925154215134,iso_embedded,-0.997099868822322,0.14003870845131322,0.12014201014257903
horizon_fine_net,fine_net_k50,fine_net_k50,16000,0.2199593401265225,iso_embedded,-0.9944876442937397,0.1680552699518779,0.15086630377653423
horizon_fine_net,fine_net_k100,fine_net_k100,16000,0.19955030231309992,iso_embedded,-0.9946332253323917,0.16341286848302247,0.15811962407773908
horizon_fine_net,fine_net_k200,fine_net_k200,16000,0.18956637474682564,iso_embedded,-0.9950801332639109,0.16282044550376923,0.14244465993654984
