{
  "r_main": -0.7645592357522297,
  "p_main": 1.4420466177921506e-192,
  "r_indep": -0.09650872181273959,
  "p_indep": 0.0022491746716933343,
  "ols": {
    "slope": -0.0010667325887759843,
    "intercept": 0.0758875748206927,
    "r": -0.7645592357522296,
    "p": 1.4420466177924644e-192,
    "se": 2.846676419981511e-05,
    "ci95_lo": -0.001122594168325183,
    "ci95_hi": -0.0010108710092267856,
    "n": 1000,
    "r2": 0.5845508249740334
  },
  "partial_r": -0.8475970452999128,
  "partial_r_p": 6.677730037662135e-277,
  "partial_r_boot_ci95": [
    -0.8623450840447152,
    -0.8303950764487492
  ],
  "verdict": "PASS \u2014 Study A center earned"
}