{
  "r2_posttrans": {
    "Nlive": {
      "1": 0.34254226018072353,
      "2": 0.3963287977922716,
      "4": 0.38335149595797147,
      "8": 0.3251387723674256,
      "16": 0.04088123379808262
    },
    "Nocc8": {
      "1": 0.29728748730115906,
      "2": 0.2830992657647404,
      "4": 0.3279082774836639,
      "8": 0.4196406733455462,
      "16": 0.07839216756330247
    },
    "A": {
      "1": 0.11517303356543374,
      "2": 0.17293596379126142,
      "4": 0.1385153850097105,
      "8": 0.11641852479138393,
      "16": 0.0033358571837496243
    },
    "Gfuture": {
      "1": 0.22448739976816612,
      "2": 0.08829568852502412,
      "4": 0.051843656000808425,
      "8": -0.009456387510845765,
      "16": -0.05889481938205865
    }
  },
  "r2_static": {
    "Nlive": {
      "1": 0.013106141452634446,
      "2": 0.00993547443603926,
      "4": 0.013828691251138836,
      "8": 0.021324150667817343,
      "16": 0.021324150667817343
    },
    "Nocc8": {
      "1": -0.005182476845841499,
      "2": -0.005014456885957808,
      "4": 0.003594797386608062,
      "8": 0.011019560659265903,
      "16": 0.011019560659265903
    },
    "A": {
      "1": -0.009034243247795226,
      "2": -0.007034610926842211,
      "4": 0.0015941276230695411,
      "8": 0.002535558621508782,
      "16": 0.002535558621508782
    },
    "Gfuture": {
      "1": -0.013019055250330203,
      "2": -0.012199640253475197,
      "4": -0.01009145946205825,
      "8": -0.012311678759425959,
      "16": -0.012311678759425959
    }
  },
  "r2_early": {
    "Nlive": {
      "1": 0.013041226419539309,
      "2": 0.009012251812517191,
      "4": 0.008951482310107006,
      "8": 0.016816795503830306,
      "16": 0.008139964088191176
    },
    "Nocc8": {
      "1": 0.005314823110127209,
      "2": -0.005512791169752784,
      "4": -0.01088642095158776,
      "8": 0.030177165244336446,
      "16": -0.007421968710645599
    },
    "A": {
      "1": 0.019685783750262642,
      "2": 0.006543093220074403,
      "4": 0.019556117115126614,
      "8": 0.0034239454554676474,
      "16": 0.004240408530274298
    },
    "Gfuture": {
      "1": -0.004304379121312429,
      "2": -0.020169156463532012,
      "4": -0.010017158983421925,
      "8": -0.028290752975698386,
      "16": 0.000417983462552729
    }
  },
  "negative_control_n_positive": 0,
  "peak_B": {
    "Nlive": {
      "point": 2,
      "ci_lo": 2,
      "ci_hi": 4,
      "r2_by_B": {
        "1": 0.34974457323213504,
        "2": 0.4001088500976786,
        "4": 0.3817679619308033,
        "8": 0.3128200575790675,
        "16": 0.04104998128166171
      }
    },
    "Nocc8": {
      "point": 8,
      "ci_lo": 8,
      "ci_hi": 8,
      "r2_by_B": {
        "1": 0.31028596116645923,
        "2": 0.30152869870791155,
        "4": 0.31297812740560216,
        "8": 0.4089993601753351,
        "16": 0.09132856663271016
      }
    }
  },
  "kill_test_verdict": "PASS \u2014 target-relative scale structure earned",
  "kill_test_detail": {
    "Nlive_peak": 2,
    "Nocc8_peak": 8,
    "Nlive_ci": [
      2,
      4
    ],
    "Nocc8_ci": [
      8,
      8
    ],
    "overlap": false,
    "large_small": true,
    "negative_controls_clean": true
  }
}